"Entity ID","Entity Category","Entity Name","Entity Priority","German Name","Spanish Name","French Name","ISO-3166-2","ISO-3166-3","Alias"
1,"Countries","Afghanistan",800,"Afghanistan","Afganistán;República Islámica de Afganistán","l'Afghanistan","AF","AFG",
2,"Countries","Albania",800,"Albanien","República de Albania;Albania","l'Albanie;la République d'Albanie","AL","ALB",
3,"Countries","Algeria",800,"Algerien","República Argelina Democrática y Popular;Argelia","Algérie","DZ","DZA",
4,"Countries","American Samoa",800,"Amerikanisch-Samoa","Samoa Americana","Samoa américaines","AS","ASM",
5,"Countries","Andorra",800,"Andorra","Principado de Andorra;Andorra","l'Andorre;la principauté d'Andorre","AD","AND",
6,"Countries","Angola",800,"Angola","República de Angola;Angola","Angola","AO","AGO",
7,"Countries","Anguilla",800,"Anguilla","Anguila","Anguilla","AI","AIA",
8,"Countries","Antarctica",800,"Antarktis","Antártida","Antarctique","AQ","ATA",
9,"Countries","Antigua and Barbuda",800,"Antigua und Barbuda","Antigua y Barbuda","Antigua-et-Barbuda","AG","ATG",
10,"Countries","Argentina",800,"Argentinien","República Argentina;Argentina","l'Argentine;la République argentine","AR","ARG",
11,"Countries","Armenia",800,"Armenien","República de Armenia;Armenia","l'Arménie;la République d'Arménie","AM","ARM",
12,"Countries","Aruba",800,"Aruba","Aruba","Aruba","AW","ABW",
13,"Countries","Australia",800,"Australien","Mancomunidad de Australia;Australia","l'Australie;le Commonwealth d'Australie","AU","AUS",
14,"Countries","Austria",800,"Österreich","República de Austria;Austria","l'Autriche;la République d'Autriche","AT","AUT",
15,"Countries","Azerbaijan",800,"Aserbaidschan","República de Azerbaiyán;Azerbaiyán","l'Azerbaïdjan;la République d'Azerbaïdjan","AZ","AZE",
16,"Countries","Bahamas",800,"Bahamas","Mancomunidad de las Bahamas;Bahamas","Bahamas","BS","BHS",
17,"Countries","Bahrain",800,"Bahrain;Bahrein","Bahrein","Bahreïn;le Royaume de Bahreïn","BH","BHR",
18,"Countries","Bangladesh",800,"Bangladesch","Bangladesh","le Bangladesh;la République populaire du Banglades","BD","BGD",
19,"Countries","Barbados",800,"Barbados","Barbados","La Barbade","BB","BRB",
20,"Countries","Belarus",800,"Weißrußland","Belarús","Bélarus","BY","BLR",
21,"Countries","Belgium",800,"Belgien","Reino de Bélgica;Bélgica","la Belgique;le Royaume de Belgique","BE","BEL",
22,"Countries","Belize",800,"Belize","Belice","le Belize","BZ","BLZ",
23,"Countries","Benin",800,"Benin","República de Benín;Benín","Bénin","BJ","BEN",
24,"Countries","Bermuda",800,"Bermuda","islas Bermudas","Bermudes","BM","BMU",
25,"Countries","Bhutan",800,"Bhutan","Reino de Bután;Bután","le Bhoutan","BT","BTN",
26,"Countries","Bolivia",800,"Bolivien","Estado Plurinacional de Bolivia;Bolivia","la Bolivie","BO","BOL",
27,"Countries","Bonaire",800,"Bonaire","Bonaire","Bonaire","BQ",,
28,"Countries","Bosnia and Herzegovina",800,"Bosnien und Herzegovina","Bosnia y Herzegovina","la Bosnie-Herzégovine;la Bosnie et Herzégovine","BA","BIH",
29,"Countries","Botswana",800,"Botswana","República de Botsuana;Botsuana","le Botswana;la République du Botswana","BW","BWA",
30,"Countries","Bouvet Island",800,"Bouvetinsel","Isla Bouvet","Île de Bouvet","BV","BVT",
31,"Countries","Brazil",800,"Brasilien","República Federativa del Brasil;Brasil","Brésil","BR","BRA",
32,"Countries","British Indian Ocean Territory",800,"Britisches Territorium im Indischen Ozean","Territorio Británico del Océano Índico","Territoire britannique de l'océan Indien","IO","IOT",
33,"Countries","British Virgin Islands",800,"Britische Jungferninseln","Islas Vírgenes Británicas","Îles Vierges britanniques","VG","VGB",
34,"Countries","Brunei Darussalam",800,"Brunei Darussalam","Brunei Darussalam","Brunei Darussalam","BN","BRN","Brunei"
35,"Countries","Bulgaria",800,"Bulgarien","República de Bulgaria;Bulgaria","la Bulgarie;la République de Bulgarie","BG","BGR",
36,"Countries","Burkina Faso",800,"Burkina Faso","Burkina Faso","Burkina Faso","BF","BFA",
37,"Countries","Burundi",800,"Burundi","República de Burundi;Burundi","le Burundi;la République du Burundi","BI","BDI",
38,"Countries","Cambodia",800,"Kambodscha","Reino de Camboya;Camboya","le Cambodge;le Royaume du Cambodge","KH","KHM",
39,"Countries","Cameroon",800,"Kamerun","República de Camerún;Camerún","le Cameroun;la République du Cameroun","CM","CMR",
40,"Countries","Canada",800,"Kanada","Canadá","Canada","CA","CAN",
41,"Countries","Cape Verde",800,"Kap Verde","República de Cabo Verde;Cabo Verde","le Cap-Vert","CV","CPV",
42,"Countries","Cayman Islands",800,"Kaimaninseln","Islas Caimán","Îles Caïmans","KY","CYM",
43,"Countries","Central African Republic",800,"Zentralafrikanische Republik","República Centroafricana","République centrafricaine","CF","CAF",
44,"Countries","Chad",800,"Tschad","República de Chad;Chad","le Tchad;la République du Tchad","TD","TCD",
45,"Countries","Chile",800,"Chile","República de Chile;Chile","Chili","CL","CHL",
46,"Countries","China",800,"China","República Popular China;China","la Chine;la République populaire de Chin","CN","CHN","People's Republic of China; PRC"
47,"Countries","Christmas Island",800,"Weihnachtsinsel","Isla de Navidad","L'île de noël","CX","CXR",
48,"Countries","Cocos Islands",800,"Kokosinseln","Islas Cocos","Îles Cocos","CC","CCK",
49,"Countries","Colombia",800,"Kolumbien","República de Colombia;Colombia","la Colombie;la République de Colombie","CO","COL",
50,"Countries","Comoros",800,"Komoren","Unión de las Comoras;Comoras","Comores","KM","COM",
51,"Countries","Congo",800,"Kongo","Congo","Congo","CG","COG",
52,"Countries","Cook Islands",800,"Cookinseln","Islas Cook","les Îles Cook","CK","COK",
53,"Countries","Costa Rica",800,"Costa Rica","Costa Rica;República de Costa Rica","Costa Rica","CR","CRI","Republic of Costa Rica"
54,"Countries","Croatia",800,"Kroatien","República de Croacia;Croacia","la République de Croatie;la Croatie","HR","HRV",
55,"Countries","Cuba",800,"Kuba","República de Cuba;Cuba","la République de Cuba;Cuba","CU","CUB",
56,"Countries","Curaçao",800,"Curaçao","Curaçao","Curaçao","CW","CUW",
57,"Countries","Cyprus",800,"Zypern","Chipre; República de Chipre","Chypre; la République de Chypre","CY","CYP","Republic of Cyprus"
58,"Countries","Czech Republic",800,"Tschechien","República Checa","République Tchèque","CZ","CZE",
59,"Countries","Côte d'Ivoire",800,"Elfenbeinküste","Costa de Marfil","Côte d'Ivoire","CI","CIV",
60,"Countries","Democratic Republic of the Congo",800,"Demokratische Republik Kongo","República Democrática del Congo","République Démocratique du Congo","CD","COD",
61,"Countries","Denmark",800,"Dänemark","Reino de Dinamarca;Dinamarca","le Danemark;le Royaume du Danemark","DK","DNK",
62,"Countries","Djibouti",800,"Dschibuti","República de Yibuti;Yibuti","Djibouti;la République de Djibouti","DJ","DJI",
63,"Countries","Dominica",800,"Dominica","Mancomunidad de Dominica;Dominica","la Dominique","DM","DMA",
64,"Countries","Dominican Republic",800,"Dominikanische Republik","República Dominicana","République Dominicaine","DO","DOM",
65,"Countries","Ecuador",800,"Ecuador","República del Ecuador;Ecuador","l'Équateur;la République de l'Équateur","EC","ECU",
66,"Countries","Egypt",800,"Ägypten","República Árabe de Egipto;Egipto","l'Égypte;la République arabe d'Égypt","EG","EGY",
67,"Countries","El Salvador",800,"El Salvador","El Salvador","Le sauveur","SV","SLV",
68,"Countries","Equatorial Guinea",800,"Äquatorialguinea","República de Guinea Ecuatorial;Guinea Ecuatorial","la Guinée équatoriale;la Guinée Équatoriale","GQ","GNQ",
69,"Countries","Eritrea",800,"Eritrea","Estado de Eritrea;Eritrea","l'Érythrée;l'État d'Érythrée","ER","ERI",
70,"Countries","Estonia",800,"Estland","República de Estonia;Estonia","l'Estonie;la République d'Estonie","EE","EST",
71,"Countries","Ethiopia",800,"Äthiopien","República Democrática Federal de Etiopía;Etiopía","l'Éthiopie;la République démocratique fédérale d'Éthiopie","ET","ETH",
72,"Countries","Falkland Islands",800,"Falklandinseln","Islas Malvinas","les îles Falkland","FK","FLK",
73,"Countries","Faroe Islands",800,"Färöer;Färöer-Inseln","Islas Faroe","Îles Féroé","FO","FRO",
74,"Countries","Federated States of Micronesia",800,"Föderierte Staaten von Mikronesien;Mikronesien","Estados Federados de Micronesia; Micronesia","la Micronésie;la Micronésie","FM","FSM","Micronesia"
75,"Countries","Fiji",800,"Fidschi","República de Fiyi;Fiyi","les Fidji","FJ","FJI",
76,"Countries","Finland",800,"Finnland","República de Finlandia;Finlandia","la Finlande;la République de Finlande","FI","FIN",
77,"Countries","France",800,"Frankreich","República Francesa;Francia","la France;la République français","FR","FRA",
78,"Countries","French Guiana",800,"Französisch-Guayana","Guayana Francesa","Guinée Française","GF","GUF",
79,"Countries","French Polynesia",800,"Französisch-Polynesien","Polinesia francés","Polynésie française","PF","PYF",
80,"Countries","French Southern Territories",800,"Französische Süd- und Antarktisgebiete","Territorios Franceses del Sur","Territoires du Sud français","TF","ATF",
81,"Countries","Gabon",800,"Gabun","República Gabonesa;Gabón","le Gabon;la République gabonais","GA","GAB",
82,"Countries","Gambia",800,"Gambia","Gambia","Gambie","GM","GMB",
83,"Countries","Georgia",800,"Georgien","República de Georgia;Georgia","la Géorgie","GE","GEO",
84,"Countries","Germany",800,"Deutschland","República Federal Alemana;Alemania","l'Allemagne;la République fédérale d'Allemagn","DE","DEU",
85,"Countries","Ghana",800,"Ghana","República de Ghana;Ghana","le Ghana;la République du Ghana","GH","GHA",
86,"Countries","Gibraltar",800,"Gibraltar","Gibraltar","Gibraltar","GI","GIB",
87,"Countries","Greece",800,"Griechenland","República Helénica;Grecia","la Grèce;la République helléniqu","GR","GRC",
88,"Countries","Greenland",800,"Grönland","Tierra Verde","Groenland","GL","GRL",
89,"Countries","Grenada",800,"Grenada","Granada","Grenade","GD","GRD",
90,"Countries","Guadeloupe",800,"Guadeloupe","Guadalupe","Guadeloupe","GP","GLP",
91,"Countries","Guam",800,"Guam","Guam","Guam","GU","GUM",
92,"Countries","Guatemala",800,"Guatemala","República de Guatemala;Guatemala","le Guatemala","GT","GTM",
93,"Countries","Guernsey",800,"Guernsey","Guernesey","Guernesey","GG","GGY",
94,"Countries","Guinea",800,"Guinea","República de Guinea;Guinea","la Guinée;la République de Guinée","GN","GIN",
95,"Countries","Guinea-Bissau",800,"Guinea-Bissau","Guinea-Bissau","la Guinée-Bissau","GW","GNB",
96,"Countries","Guyana",800,"Guyana","República Cooperativa de Guyana;Guyana","Guyane","GY","GUY",
97,"Countries","Haiti",800,"Haiti","República de Haití;Haití","Haïti;la République d'Haïti","HT","HTI",
98,"Countries","Heard Island and McDonald Islands",800,"Heard und Mcdonaldinseln","Islas Heard y McDonald","Îles Heard et McDonald","HM","HMD",
99,"Countries","Holy See",800,"Heiliger Stuhl","Santa Sede","Saint-Siège","VA","VAT",
100,"Countries","Honduras",800,"Honduras","República de Honduras;Honduras","Honduras","HN","HND",
101,"Countries","Hong Kong",800,"Hongkong","Hong Kong","Hong Kong","HK","HKG",
102,"Countries","Hungary",800,"Ungarn","República de Hungría;Hungría","la Hongrie;Hongrie","HU","HUN",
103,"Countries","Iceland",800,"Island","República de Islandia;Islandia","l'Islande;la République d'Islande","IS","ISL",
104,"Countries","India",800,"Indien","República de la India;India","l'Inde;la République de l'Ind","IN","IND",
105,"Countries","Indonesia",800,"Indonesien","República de Indonesia;Indonesia","l'Indonésie;la République d'Indonésie","ID","IDN",
106,"Countries","Iran",800,"Islamische Republik Iran;Iran","Irán; Corrí","Iran","IR","IRN",
107,"Countries","Iraq",800,"Irak","Irak","Irak","IQ","IRQ",
108,"Countries","Ireland",800,"Irland","Irlanda","l'Irlande","IE","IRL",
109,"Countries","Isle of Man",800,"Insel Man","Isla de Man","Isle of Man","IM","IMN",
110,"Countries","Israel",800,"Israel","Estado de Israel;Israel","Israël;l'État d'Israë","IL","ISR",
111,"Countries","Italy",800,"Italien","República italiana;Italia","l'Italie;la République italienn","IT","ITA",
112,"Countries","Jamaica",800,"Jamaika","Jamaica","Jamaïque","JM","JAM",
113,"Countries","Jan Mayen",800,"Jan Mayen","Jan Mayen","L'île Jan Mayen","SJ","SJM",
114,"Countries","Japan",800,"Japan","Estado de Japón;Japón","le Japon","JP","JPN",
115,"Countries","Jersey",800,"Jersey","Jersey","Jersey","JE","JEY",
116,"Countries","Jordan",800,"Jordanien","Reino Hachemita de Jordania;Jordania","la Jordanie;le Royaume hachémite de Jordanie","JO","JOR",
117,"Countries","Kazakhstan",800,"Kasachstan","República de Kazajistán;Kazajistán","le Kazakhstan","KZ","KAZ",
118,"Countries","Kenya",800,"Kenya","República de Kenia;Kenia","le Kenya;la République du Kenya","KE","KEN",
119,"Countries","Kiribati",800,"Kiribati","República de Kiribati;Kiribati","Kiribati","KI","KIR",
120,"Countries","Kuwait",800,"Kuwait","Estado de Kuwait;Kuwait","le Koweït","KW","KWT",
121,"Countries","Kyrgyzstan",800,"Kirgisistan","República Kirguisa;Kirguistán","la Kirghizie","KG","KGZ",
122,"Countries","Laos",800,"Laos; Demokratische Volksrepublik Laos","Laos; República Democrática Popular Lao","le Laos; République démocratique populaire lao","LA","LAO","Lao People's Democratic Republic"
123,"Countries","Latvia",800,"Lettland","República de Letonia;Letonia","la Lettonie;la République de Lettoni","LV","LVA",
124,"Countries","Lebanon",800,"Libanon","República Libanesa;Líbano","le Liban;la République libanais","LB","LBN",
125,"Countries","Lesotho",800,"Lesotho","Reino de Lesoto;Lesoto","le Lesotho;le Royaume du Lesotho","LS","LSO",
126,"Countries","Liberia",800,"Liberia","República de Liberia;Liberia","le Liberia","LR","LBR",
127,"Countries","Libya",800,"Libyen","Estado de Libia;Libia","la Libye","LY","LBY",
128,"Countries","Liechtenstein",800,"Liechtenstein","Principado de Liechtenstein;Liechtenstein","le Liechtenstein;la Principauté du Liechtenstein","LI","LIE",
129,"Countries","Lithuania",800,"Litauen","República de Lituania;Lituania","la Lituanie;la République de Lituanie","LT","LTU",
130,"Countries","Luxembourg",800,"Luxemburg","Gran Ducado de Luxemburgo;Luxemburgo","le Luxembourg;le Grand-Duché de Luxembourg","LU","LUX",
131,"Countries","Macao",800,"Macao","Macao","Macao","MO","MAC",
132,"Countries","Macedonia",800,"Mazedonien","Macedonia","Macédoine","MK","MKD",
133,"Countries","Madagascar",800,"Madagaskar","República de Madagascar;Madagascar","Madagascar;la République de Madagasca","MG","MDG",
134,"Countries","Malawi",800,"Malawi","República de Malaui;Malaui","le Malawi;la République du Malawi","MW","MWI",
135,"Countries","Malaysia",800,"Malaysia","Malasia","la Malaisie;la Fédération de Malaisie","MY","MYS",
136,"Countries","Maldives",800,"Malediven","República de las Maldivas;Maldivas","Maldives","MV","MDV",
137,"Countries","Mali",800,"Mali","Mali","Mali","ML","MLI",
138,"Countries","Malta",800,"Malta","República de Malta;Malta","Malte;la République de Malte","MT","MLT",
139,"Countries","Marshall Islands",800,"Marshallinseln","República de las Islas Marshall;Islas Marshall","Iles Marshall","MH","MHL",
140,"Countries","Martinique",800,"Martinique","Martinica","Martinique","MQ","MTQ",
141,"Countries","Mauritania",800,"Mauretanien","República Islámica de Mauritania;Mauritania","la Mauritanie;la République islamique de Mauritani","MR","MRT",
142,"Countries","Mauritius",800,"Mauritius","Mauricio","Maurice","MU","MUS",
143,"Countries","Mayotte",800,"Mayotte","Mayotte","Mayotte","YT","MYT",
144,"Countries","Mexico",800,"Mexiko","Estados Unidos Mexicanos;México","le Mexique;les États unis mexicains","MX","MEX",
145,"Countries","Moldova",800,"Moldawien;Republik Moldau","Moldavia","la Moldavie; Moldavie","MD","MDA",
146,"Countries","Monaco",800,"Monaco","Principado de Mónaco;Mónaco","Monaco;la principauté de Monaco","MC","MCO",
147,"Countries","Mongolia",800,"Mongolei","Mongolia","Mongolie","MN","MNG",
148,"Countries","Montenegro",800,"Montenegro","República de Montenegro;Montenegro","le Monténégro","ME","MNE",
149,"Countries","Montserrat",800,"Montserrat","Montserrat","Montserrat","MS","MSR",
150,"Countries","Morocco",800,"Marokko","Reino de Marruecos;Marruecos","Maroc","MA","MAR",
151,"Countries","Mozambique",800,"Mosambik","República de Mozambique;Mozambique","le Mozambique;la République du Mozambique","MZ","MOZ",
152,"Countries","Myanmar",800,"Myanmar","Myanmar; Birmania","Myanmar; Birmanie","MM","MMR","Burma"
153,"Countries","Namibia",800,"Namibia","República de Namibia;Namibia","la Namibie;la République de Namibie","NA","NAM",
154,"Countries","Nauru",800,"Nauru","República de Nauru;Nauru","Nauru;la République de Nauru","NR","NRU",
155,"Countries","Nepal",800,"Nepal","República Federal Democrática de Nepal;Nepal","le Népal","NP","NPL",
156,"Countries","Netherlands",800,"Niederlande","Reino de los Países Bajos;Países Bajos","Pays-Bas","NL","NLD",
157,"Countries","New Caledonia",800,"Neu-Kaledonien","Nueva Caledonia","Nouvelle Calédonie","NC","NCL",
158,"Countries","New Zealand",800,"Neuseeland","Nueva Zelanda","la Nouvelle-Zéland","NZ","NZL",
159,"Countries","Nicaragua",800,"Republik Nicaragua;Nicaragua;Nikaragua","República de Nicaragua;Nicaragua","le Nicaragua;la République du Nicaragua; Nicaragua","NI","NIC",
160,"Countries","Niger",800,"Niger","República del Níger;Níger","le Niger;la République du Niger","NE","NER",
161,"Countries","Nigeria",800,"Nigeria","República Federal de Nigeria;Nigeria","le Nigéria","NG","NGA",
162,"Countries","Niue",800,"Niue","Niue","Niue","NU","NIU",
163,"Countries","Norfolk Island",800,"Norfolkinsel","Isla Norfolk","Île de Norfolk","NF","NFK",
164,"Countries","North Korea",800,"Nordkorea;Nord Korea;Demokratische Volksrepublik Korea","República Popular Democrática de Corea;Corea del Norte","la Corée du Nord; République populaire démocratique de Corée","KP","PRK","Democratic People's Republic of Korea"
165,"Countries","Northern Mariana Islands",800,"Nördliche Marianen","Islas Marianas del Norte","Îles Mariannes du Nord","MP","MNP",
166,"Countries","Norway",800,"Norwegen","Reino de Noruega;Noruega","la Norvège;le Royaume de Norvège","NO","NOR",
167,"Countries","Oman",800,"Oman","Sultanato de Omán;Omán","Oman;l'Oman","OM","OMN",
168,"Countries","Pakistan",800,"Pakistan","República Islámica de Pakistán;Pakistán","le Pakistan","PK","PAK",
169,"Countries","Palau",800,"Palau","Palaos","Palau","PW","PLW",
170,"Countries","Palestine",800,"Palästina","Estado de Palestina;Palestina","Palestine","PS","PSE",
171,"Countries","Panama",800,"Panama","República de Panamá;Panamá","Panama","PA","PAN",
172,"Countries","Papua New Guinea",800,"Papua-Neuguinea","Estado Independiente de Papúa Nueva Guinea;Papúa Nueva Guinea","la Papouasie-Nouvelle-Guinée;la Papouasie - Nouvelle-Guinée","PG","PNG",
173,"Countries","Paraguay",800,"Paraguay","República del Paraguay;Paraguay","le Paraguay;la République du Paraguay","PY","PRY",
174,"Countries","Peru",800,"Peru","República del Perú;Perú","le Pérou;la République du Pérou","PE","PER",
175,"Countries","Philippines",800,"Philippinen","República de Filipinas;Filipinas","Philippines","PH","PHL",
176,"Countries","Pitcairn",800,"Pitcairn","Pitcairn","Pitcairn","PN","PCN",
177,"Countries","Poland",800,"Polen","República de Polonia;Polonia","la Pologne;la République de Pologne","PL","POL",
178,"Countries","Portugal",800,"Portugal","República Portuguesa;Portugal","le Portugal;la République portugais","PT","PRT",
179,"Countries","Puerto Rico",800,"Puerto Rico","Puerto Rico","Porto Rico","PR","PRI",
180,"Countries","Qatar",800,"Katar","Katar","le Qatar","QA","QAT",
181,"Countries","Romania",800,"Rumänien","Rumania","Roumanie","RO","ROU",
182,"Countries","Russian Federation",800,"Russische Föderation","Federación Rusa","Fédération Russe","RU","RUS",
183,"Countries","Rwanda",800,"Ruanda","República de Ruanda;Ruanda","le Rwanda;la République rwandaise","RW","RWA",
184,"Countries","Réunion",800,"La Réunion; Réunion","Reunión","Réunion","RE","REU",
185,"Countries","Saba",800,"Saba","Saba","Saba","BQ",,
186,"Countries","Saint Barthélemy",800,"Saint Barthélemy","San Bartolomé","Saint Barthélemy","BL","BLM",
187,"Countries","Saint Helena, Ascension and Tristan da Cunha",800,"St. Helena, Ascension und Tristan da Cunha","Santa Helena, Ascensión y Tristán da Cunha","Sainte-Hélène, Ascension et Tristan da Cunha","SH","SHN",
188,"Countries","Saint Kitts and Nevis",800,"St. Kitts und Nevis","Federación de San Cristóbal y Nieves;San Cristóbal y Nieves","Saint-Christophe-et-Niévès","KN","KNA",
189,"Countries","Saint Lucia",800,"Saint Lucia","Santa Lucía","Saint Lucia","LC","LCA",
190,"Countries","Saint Martin",800,"Saint Martin","San Martín","Saint Martin","MF","MAF",
191,"Countries","Saint Pierre and Miquelon",800,"Saint Pierre und Miquelon","San Pedro y Miquelón","Saint Pierre et Miquelon","PM","SPM",
192,"Countries","Saint Vincent and the Grenadines",800,"St. Vincent und die Grenadinen","San Vicente y las Granadinas","Saint-Vincent-et-les Grenadines","VC","VCT",
193,"Countries","Samoa",800,"Samoa","Estado Independiente de Samoa;Samoa","les Samoa","WS","WSM",
194,"Countries","San Marino",800,"San Marino","Serenísima República de San Marino;San Marino","Saint Marin","SM","SMR",
195,"Countries","Sao Tome and Principe",800,"São Tomé und Príncipe","República Democrática de Santo Tomé y Príncipe;Santo Tomé y Príncipe","Sao Tomé-et-Principe","ST","STP",
196,"Countries","Saudi Arabia",800,"Saudi-Arabien","Arabia Saudita","l'Arabie saoudite;le Royaume d'Arabie saoudite","SA","SAU",
197,"Countries","Senegal",800,"Senegal","República de Senegal;Senegal","Sénégal","SN","SEN",
198,"Countries","Serbia",800,"Serbien","República de Serbia;Serbia","la Serbie;la République de Serbie","RS","SRB",
199,"Countries","Seychelles",800,"Seychellen","República de las Seychelles;Seychelles","les Seychelles;la République des Seychelles","SC","SYC",
200,"Countries","Sierra Leone",800,"Sierra Leone","República de Sierra Leona;Sierra Leona","la Sierra Leone;la République de Sierra Leone","SL","SLE",
201,"Countries","Singapore",800,"Singapur","República de Singapur;Singapur","Singapour;la République de Singapour","SG","SGP",
202,"Countries","Sint Eustatius",800,"Sint Eustatius","San Eustaquio","Saint-Eustache","BQ",,"Statia"
203,"Countries","Sint Maarten",800,"Sint Maarten","Sint Maarten","Saint-Martin; Pays de Saint-Martin","SX",,
204,"Countries","Slovakia",800,"Slowakei","República de Eslovaquia;Eslovaquia","la Slovaquie;la République slovaque","SK","SVK","Slovakia Republic"
205,"Countries","Slovenia",800,"Slowenien","República de Eslovenia;Eslovenia","la Slovénie;la République de Slovénie","SI","SVN","Republic of Slovenia"
206,"Countries","Solomon Islands",800,"Salomonen","Islas Salomón","Les îles Salomon","SB","SLB",
207,"Countries","Somalia",800,"Somalia","República Federal de Somalia;Somalia","la Somalie","SO","SOM",
208,"Countries","South Africa",800,"Südafrika","República de Sudáfrica;Sudáfrica","l'Afrique du Sud;la République d'Afrique du Sud","ZA","ZAF",
209,"Countries","South Georgia and the South Sandwich Islands",800,"Südgeorgien und die Südlichen Sandwichinseln","Georgia del sur y las islas Sandwich del sur","Géorgie du Sud et les îles Sandwich du Sud","GS","SGS",
210,"Countries","South Korea",800,"Südkorea;Süd Korea; Republik Korea","República de Corea;Corea del Sur","la Corée du Sud; République de Corée","KR","KOR","Republic of Korea"
211,"Countries","South Sudan",800,"Der Südsudan; Republik Südsudan","Sudán del sur; República de Sudán del Sur","le Soudan du Sud; la République du Soudan du Sud","SS","SSD","Republic of South Sudan"
212,"Countries","Spain",800,"Spanien","Reino de España;España","l'Espagne;le Royaume d'Espagne","ES","ESP",
213,"Countries","Sri Lanka",800,"Sri Lanka","República Democrática Socialista de Sri Lanka;Sri Lanka","Sri Lanka","LK","LKA",
214,"Countries","Sudan",800,"Sudan","República del Sudán;Sudán","le Soudan;la République du Soudan","SD","SDN",
215,"Countries","Suriname",800,"Suriname","República del Surinam;Surinam","le Suriname","SR","SUR",
216,"Countries","Svalbard",800,"Svalbard","Svalbard","Svalbard","SJ","SJM",
217,"Countries","Swaziland",800,"Swasiland","Reino de Suazilandia;Suazilandia","le Swaziland","SZ","SWZ",
218,"Countries","Sweden",800,"Schweden","Reino de Suecia;Suecia","la Suède;le Royaume de Suède","SE","SWE",
219,"Countries","Switzerland",800,"Schweiz","Confederación Helvética;Suiza","la Suisse;la Confédération suiss","CH","CHE",
220,"Countries","Syria",800,"Arabische Republik Syrien; Syrien","Siria;República Árabe Siria","la Syrie;République arabe syrienne","SY","SYR","Syrian Arab Republic"
221,"Countries","Taiwan",800,"Taiwan; Republik China","Taiwán; República de China","Taïwan; République de Chine","TW","TWN","Republic of China"
222,"Countries","Tajikistan",800,"Tadschikistan","República de Tayikistán;Tayikistán","le Tadjikistan;la République du Tadjikistan","TJ","TJK",
223,"Countries","Tanzania",800,"Tansania","República Unida de Tanzania;Tanzania","la Tanzanie","TZ","TZA",
224,"Countries","Thailand",800,"Thailand","Reino de Tailandia;Tailandia","la Thaïlande;le Royaume de Thaïlande","TH","THA",
225,"Countries","Timor-Leste",800,"Osttimor","Timor Oriental","Timor-Leste","TL","TLS",
226,"Countries","Togo",800,"Togo","República Togolesa;Togo","le Togo;la République togolais","TG","TGO",
227,"Countries","Tokelau",800,"Tokelau","Tokelau","Tokelau","TK","TKL",
228,"Countries","Tonga",800,"Tonga; Königreich Tonga","Reino de Tonga;Tonga","les Tonga;le Royaume des Tong","TO","TON",
229,"Countries","Trinidad and Tobago",800,"Trinidad und Tobago","República de Trinidad y Tobago;Trinidad y Tobago","la Trinité-et-Tobago","TT","TTO",
230,"Countries","Tunisia",800,"Tunesien","República Tunecina;Túnez","la Tunisie;la République tunisienne","TN","TUN",
231,"Countries","Turkey",800,"Türkei","República de Turquía;Turquía","la Turquie;la République de Turquie","TR","TUR",
232,"Countries","Turkmenistan",800,"Turkmenistan","Turkmenistán","le Turkménistan","TM","TKM",
233,"Countries","Turks and Caicos Islands",800,"Turks- und Caicosinseln","Islas Turcas y Caicos","îles Turques-et-Caïques","TC","TCA","TCI"
234,"Countries","Tuvalu",800,"Tuvalu","Tuvalu","les Tuvalu","TV","TUV",
235,"Countries","US Virgin Islands",800,"US Jungferninseln","Islas Vírgenes de EE.UU","Îles Vierges américaines","VI","VIR",
236,"Countries","Uganda",800,"Uganda","República de Uganda;Uganda","l'Ouganda;la République d'Ouganda","UG","UGA",
237,"Countries","Ukraine",800,"Ukraine","Ucrania","Ukraine","UA","UKR",
238,"Countries","United Arab Emirates",800,"Vereinigte Arabische Emirate","Emiratos Árabes Unidos","les Émirats arabes unis;la fédération des Émirats arabes unis","AE","ARE","UAE"
239,"Countries","United Kingdom",800,"Vereinigtes Königreich","Reino Unido de Gran Bretaña e Irlanda del Norte;Reino Unido","Royaume-Uni","GB","GBR",
240,"Countries","United States",800,"Vereinigte Staaten","Los Estatados Unidos","les États-Unis","US","USA","USA; United States of America"
241,"Countries","United States Minor Outlying Islands",800,"Vereinigte Staaten Minor Outlying Islands; Kleinere Inselbesitzungen der Vereinigten Staaten","Islas menores alejadas de los Estados Unidos","Îles mineures éloignées des États-Unis","UM","UMI",
242,"Countries","Uruguay",800,"Uruguay","República Oriental del Uruguay;Uruguay","Uruguay","UY","URY",
243,"Countries","Uzbekistan",800,"Usbekistan","República de Uzbekistán;Uzbekistán","l'Ouzbékistan;la République d'Ouzbékistan","UZ","UZB",
244,"Countries","Vanuatu",800,"Vanuatu","República de Vanuatu;Vanuatu","Vanuatu","VU","VUT",
245,"Countries","Vatican City",800,"Vatikanstadt","Ciudad del Vaticano","Cité du Vatican","VA","VAT",
246,"Countries","Venezuela",800,"Venezuela","República Bolivariana de Venezuela;Venezuela","Venezuela; République bolivarienne du Venezuela","VE","VEN","Bolivarian Republic of Venezuel"
247,"Countries","Viet Nam",800,"Vietnam; Sozialistische Republik Vietnam","Vietnam","Viêt-Nam","VN","VNM","Vietnam"
248,"Countries","Wallis and Futuna",800,"Wallis und Futuna","Wallis y Futuna","Wallis et Futuna","WF","WLF",
249,"Countries","Western Sahara",800,"Westsahara","Sahara Occidental","Western Sahara","EH","ESH",
250,"Countries","Yemen",800,"Jemen","República de Yemen;Yemen","le Yémen;la République du Yémen","YE","YEM",
251,"Countries","Zambia",800,"Sambia","República de Zambia;Zambia","la Zambie;la République de Zambie","ZM","ZMB",
252,"Countries","Zimbabwe",800,"Simbabwe","República de Zimbabue;Zimbabue","le Zimbabwe;la République du Zimbabwe","ZW","ZWE",
253,"Countries","Åland Islands",800,"Ålandinseln","Islas Aland","Iles Aland","AX","ALA",
254,"US States","Alabama",900,"Alabama","Alabama","L'Alabama","US-AL",,"AL"
255,"US States","Alaska",900,"Alaska","Alaska","Alaska","US-AK",,"AK"
256,"US States","Arizona",900,"Arizona","Arizona","Arizona","US-AZ",,"AZ"
257,"US States","Arkansas",900,"Arkansas","Arkansas","Arkansas","US-AR",,"AR"
258,"US States","California",900,"Kalifornien","California","Californie","US-CA",,"CA"
259,"US States","Colorado",900,"Colorado","Colorado","Colorado","US-CO",,"CO"
260,"US States","Connecticut",900,"Connecticut","Connecticut","Connecticut","US-CT",,"CT"
261,"US States","Delaware",900,"Delaware","Delaware","Delaware","US-DE",,"DE"
262,"US States","District of Columbia",900,"Bezirk von Kolumbien","Distrito de Columbia","District de Colombie","US-DC",,"DC"
263,"US States","Florida",900,"Florida","Florida","Floride","US-FL",,"FL"
264,"US States","Georgia",900,"Georgia","Georgia","Géorgie","US-GA",,"GA"
265,"US States","Hawaii",900,"Hawaii","Hawai","Hawaii","US-HI",,"HI"
266,"US States","Idaho",900,"Idaho","Idaho","Idaho","US-ID",,"ID"
267,"US States","Illinois",900,"Illinois","Illinois","Illinois","US-IL",,"IL"
268,"US States","Indiana",900,"Indiana","Indiana","Indiana","US-IN",,"IN"
269,"US States","Iowa",900,"Iowa","Iowa","Iowa","US-IA",,"IA"
270,"US States","Kansas",900,"Kansas","Kansas","Kansas","US-KS",,"KS"
271,"US States","Kentucky",900,"Kentucky","Kentucky","Kentucky","US-KY",,"KY"
272,"US States","Louisiana",900,"Louisiana","Luisiana","Louisiane","US-LA",,"LA"
273,"US States","Maine",900,"Maine","Maine","Maine","US-ME",,"ME"
274,"US States","Maryland",900,"Maryland","Maryland","Maryland","US-MD",,"MD"
275,"US States","Massachusetts",900,"Massachusetts","Massachusetts","Massachusetts","US-MA",,"MA"
276,"US States","Michigan",900,"Michigan","Michigan","Michigan","US-MI",,"MI"
277,"US States","Minnesota",900,"Minnesota","Minnesota","Minnesota","US-MN",,"MN"
278,"US States","Mississippi",900,"Mississippi","Misisipí","Mississippi","US-MS",,"MS"
279,"US States","Missouri",900,"Missouri","Misuri","Missouri","US-MO",,"MO"
280,"US States","Montana",900,"Montana","Montana","Montana","US-MT",,"MT"
281,"US States","Nebraska",900,"Nebraska","Nebraska","Nebraska","US-NE",,"NE"
282,"US States","Nevada",900,"Nevada","Nevada","Nevada","US-NV",,"NV"
283,"US States","New Hamsphire",900,"New Hampshire","New Hampshire","New Hampshire","US-NH",,"NH"
284,"US States","New Jersey",900,"New Jersey","New Jersey","New Jersey","US-NJ",,"NJ"
285,"US States","New Mexico",900,"New-Mexiko","Nuevo Mexico","Nouveau Mexique","US-NM",,"NM"
286,"US States","New York",900,"New York","Nueva York","New York","US-NY",,"NY"
287,"US States","North Carolina",900,"North Carolina","Carolina del Norte","Caroline du Nord","US-NC",,"NC"
288,"US States","North Dakota",900,"Norddakota","Dakota del Norte","Dakota du nord","US-ND",,"ND"
289,"US States","Ohio",900,"Ohio","Ohio","Ohio","US-OH",,"OH"
290,"US States","Oklahoma",900,"Oklahoma","Oklahoma","Oklahoma","US-OK",,"OK"
291,"US States","Oregon",900,"Oregon","Oregón","Oregon","US-OR",,"OR"
292,"US States","Pennsylvania",900,"Pennsylvania","Pensilvania","Pennsylvanie","US-PA",,"PA"
293,"US States","Rhode Island",900,"Rhode Island","Rhode Island","Rhode Island","US-RI",,"RI"
294,"US States","South Carolina",900,"South Carolina","Carolina del Sur","Caroline du Sud","US-SC",,"SC"
295,"US States","South Dakota",900,"Süddakota","Dakota del Sur","Dakota du Sud","US-SD",,"SD"
296,"US States","Tennessee",900,"Tennessee","Tennesse","Tennessee","US-TN",,"TN"
297,"US States","Texas",900,"Texas","Texas","Texas","US-TX",,"TX"
298,"US States","Utah",900,"Utah","Utah","Utah","US-UT",,"UT"
299,"US States","Vermont",900,"Vermont","Vermont","Vermont","US-VT",,"VT"
300,"US States","Virginia",900,"Virginia","Virginia","Virginie","US-VA",,"VA"
301,"US States","Washington",900,"Washington","Washington","Washington","US-WA",,"WA"
302,"US States","West Virginia",900,"West Virginia","Virginia del Oeste","West Virginia","US-WV",,"WV"
303,"US States","Wisconsin",900,"Wisconsin","Wisconsin","Wisconsin","US-WI",,"WI"
304,"US States","Wyoming",900,"Wyoming","Wyoming","Wyoming","US-WY",,"WY"
305,"Canadian Provinces","Alberta",,"Alberta","Alberta","Alberta","CA-AB",,"AB"
306,"Canadian Provinces","British Columbia",,"Britisch-Kolumbien","Columbia Británica","Colombie britannique; Colombie-Britannique","CA-BC",,"BC"
307,"Canadian Provinces","Manitoba",,"Manitoba","Manitoba","Manitoba","CA-MB",,"MB"
308,"Canadian Provinces","Newfoundland and Labrador",,"Neufundland und Labrador","Newfoundland y Labrador","Terre-Neuve-et-Labrador","CA-NL",,"NL"
309,"Canadian Provinces","Northwest Territories",,"Nordwestliche Territorien","Territorios del Noroeste","Territoires du nord-ouest","CA-NT",,"NT"
310,"Canadian Provinces","Nova Scotia",,"Neuschottland","nueva Escocia","Nouvelle-Écosse","CA-NS",,"NS"
311,"Canadian Provinces","Nunavut",,"Nunavut","Nunavut","Nunavut","CA-NU",,"NU"
312,"Canadian Provinces","Ontario",,"Ontario","Ontario","Ontario","CA-ON",,"ON"
313,"Canadian Provinces","Prince Edward Island",,"Prinz Edward Insel","Prince Edward Island","Île-du-Prince-Édouard","CA-PE",,"PE"
314,"Canadian Provinces","Quebec",,"Québec","Quebec","Quebec","CA-QC",,"QC"
315,"Canadian Provinces","Saskatchewan",,"Saskatchewan","Saskatchewan","Saskatchewan","CA-SK",,"SK"
316,"Canadian Provinces","Yukon",,"Yukon","Yukon","Yukon","CA-YT",,"YT"
317,"Canadian Provinces","New Brunswick",,"Nouveau-Brunswick","Nuevo Brunswick","Nouveau-Brunswick","CA-NB",,"NB"
318,"Australian States","New South Wales",,"New South Wales","Nueva Gales del Sur","Nouvelle Galles du Sud","AU-NSW",,"NSW"
319,"Australian States","Queensland",,"Queensland","Queensland","Queensland","AU-QLD",,"QLD"
320,"Australian States","South Australia",,"Süd Australien","Sur de Australia","Australie du Sud","AU-SA",,"SA"
321,"Australian States","Tasmania",,"Tasmanien","Tasmania","Tasmanie","AU-TAS",,"TAS"
322,"Australian States","Victoria",,"Victoria","Victoria","Victoria","AU-VIC",,"VIC"
323,"Australian States","Western Australia",,"West-Australien","Western Australia","Australie occidentale","AU-WA",,"WA"
324,"French States","Great East",,"Großer Osten","Gran Este","Grand Est","FR-GES",,"Grand Est; ACAL; ALCA; Alsace-Champagne-Ardenne-Lorraine"
325,"French States","Auvergne-Rhône-Alpes",,"Auvergne-Rhône-Alpes","Auvernia-Ródano-Alpes","Auvergne-Rhône-Alpes; Ôvèrgne-Rôno-Ârpes; Auvèrnhe Ròse Aups","FR-ARA",,"ARA"
326,"French States","Brittany",,"Bretagne","Bretaña","Bretagne","FR-BRE",,"BRE"
327,"French States","Bourgogne-Franche-Comté",,"Burgund-Freigrafschaft","Borgoña-Franco Condado","La Bourgogne-Franche-Comté","FR-BFC",,"BFC"
328,"French States","Centre-Loire Valley",,"Zentrum-Loiretal","Centro-Valle de Loira","Centre-Val de Loire","FR-CVL",,"CVL"
329,"French States","Corsica",,"Korsika","Córcega","la Corse","FR-COR",,"COR"
330,"French States","New Aquitaine",,"Neu-Aquitanien","Nueva Aquitania","Nouvelle-Aquitaine; Nòva Aquitània; Akitania Berria; Novéle-Aguiéne","FR-NAQ",,"Nouvelle-Aquitaine; NAQ"
331,"French States","Ile-de-France",,"Ile-de-France","Ile de France","Ile-de-France","FR-IDF",,"IDF"
332,"French States","Occitanie",,"Okzitanien","Occitania; Occitània","Occitanie; Occitània","FR-OCC",,"OCC"
333,"French States","Normandy",,"Normandie","Normandía","Normandie; Normaundie","FR-NOR",,"NOR"
334,"French States","Hauts-de-France",,"Hauts-de-France","Alta Francia","Hauts-de-France","FR-HDF",,"Upper France; HDF"
335,"French States","Pays de la Loire",,"Loire","País del Loira","Pays de la Loire","FR-PDL",,"PDL"
336,"French States","Provence-Alpes-Cote d'Azur",,"Provence-Alpes-Côte d'Azur","Provenza-Alpes-Costa Azul","Provence-Alpes-Cote d'Azur","FR-PAC",,"PAC"
337,"German States","Baden-Wurttemberg",,"Baden-Wurttemberg; Baden-Württemberg","Baden-Wurttemberg","Bade-Wurtemberg","DE-BW",,"BW; Baden-Württemberg"
338,"German States","Bavaria",,"Bavaria; Bayern","Baviera","Bavière","DE-BY",,"BY"
339,"German States","Berlin",,"Berlin","Berlín","Berlin","DE-BE",,"BE"
340,"German States","Bremen",,"Bremen","Bremen","Brême","DE-HB",,"HB"
341,"German States","Hamburg",,"Hamburg","Hamburgo","Hambourg","DE-HH",,"HH"
342,"German States","Hesse",,"Hesse; Hessen","Hesse","Hesse","DE-HE",,"HE"
343,"German States","Lower Saxony",,"Niedersachsen","Baja sajonia","Basse-Saxe","DE-NI",,"NI"
344,"German States","Mecklenburg-Vorpommern",,"Mecklenburg-Vorpommern; McPom","Mecklenburg-Vorpommern","Mecklembourg-Poméranie-Occidentale","DE-MV",,"MV; Mecklenburg-West Pomerania; Meck-Pomm"
345,"German States","North Rhine-Westphalia",,"Nordrhein-Westfalen","Norte de Rhine-Westphalia","Rhénanie du Nord-Westphalie","DE-NW",,"NW"
346,"German States","Rhineland-Palatinate",,"Rheinland-Pfalz","Renania-Palatinado","Rhénanie-Palatinat","DE-RP",,"RP"
347,"German States","Saarland",,"Saarland","Sarre","Sarre","DE-SL",,"SL"
348,"German States","Saxony",,"Sachsen","Sajonia","Saxe","DE-SN",,"SN"
349,"German States","Saxony-Anhalt",,"Sachsen-anhalt","Sajonia-Anhalt","Saxe-Anhalt","DE-ST",,"ST"
350,"German States","Schleswig-Holstein",,"Schleswig-Holstein","Schleswig-Holstein","Schleswig-Holstein","DE-SH",,"SH"
351,"German States","Thuringia",,"Thüringen","Turingia","Thuringe","DE-TH",,"TH"
352,"German States","Brandenburg",,"Brandenburg","Brandeburgo; Brandemburgo","Brandebourg","DE-BB",,"BB"
353,"Spanish Autonomies","Andalusia",,"Andalusien","Andalucía","Andalucía; Andalousie","ES-AN",,"AN"
354,"Spanish Autonomies","Aragon",,"Aragonien","Aragón","Aragón","ES-AR",,"AR"
355,"Spanish Autonomies","Asturias",,"Asturien","Principado de Asturias","Principado de Asturias; Principauté des Asturies","ES-AS",,"AS; Principality of Asturias"
356,"Spanish Autonomies","Balearic Islands",,"Balearische Inseln","Illes Balears; Islas Baleares","Illes Balears; Islas Baleares; Îles Baléares","ES-IB",,"IB"
357,"Spanish Autonomies","Basque Country",,"Baskenland","País Vasco; Euskal Herria","País Vasco; Euskal Herria; Pays basque","ES-PV",,"PV"
358,"Spanish Autonomies","Canary Islands",,"Kanarische Inseln","Canarias","Canarias; Îles Canaries","ES-CN",,"CN; The Canaries"
359,"Spanish Autonomies","Cantabria",,"Kantabrien","Cantabria","Cantabria; Cantabrie","ES-CB",,"CB"
360,"Spanish Autonomies","Castile and León",,"Kastilien und León","Castilla y León","Castilla y León; Castille-et-León","ES-CL",,"CL"
361,"Spanish Autonomies","Castilla-La Mancha",,"Kastilien-La Mancha","Castilla-La Mancha","Castilla-La Mancha; Castille-La Manche","ES-CM",,"CM; Castile–La Mancha"
362,"Spanish Autonomies","Catalonia",,"Katalonien","Catalunya; Cataluña","Catalunya; Cataluña; Catalogne","ES-CT",,"CT"
363,"Spanish Autonomies","Community of Madrid",,"Madrid","Comunidad de Madrid","Comunidad de Madrid; Communauté de Madrid","ES-MD",,"M"
364,"Spanish Autonomies","Extremadura",,"Extremadura","Extremadura","Extremadura; Estremaura; Estrémadure","ES-EX",,"EX"
365,"Spanish Autonomies","Galicia",,"Galicien","Galicia","Galicia; Galice","ES-GA",,"GA"
366,"Spanish Autonomies","La Rioja",,"La Rioja","La Rioja","La Rioja","ES-RI",,"LO"
367,"Spanish Autonomies","Navarre",,"Navarra","Comunidad Foral de Navarra; Nafarroako Foru Komunitatea","Comunidad Foral de Navarra; Nafarroako Foru Komunitatea; Communauté forale de Navarre","ES-NC",,"NA; Chartered Community of Navarre"
368,"Spanish Autonomies","Region of Murcia",,"Murcia","Región de Murcia","Región de Murcia; Région de Murcie","ES-MC",,"MC"
369,"Spanish Autonomies","Valencian Community",,"Valencia","Comunidad Valenciana; Comunitat Valenciana","Comunidad Valenciana; Comunitat Valenciana; Communauté Valencienne","ES-VC",,"VC; Valencian Country"
370,"Chinese Provinces","Hebei",,"Hebei","Hebei","Hebei","CN-13",,"HE; HEB; Héběi; Hopeh; Jì"
371,"Chinese Provinces","Shanxi",,"Shanxi","Shanxi","Shanxi","CN-14",,"SX; Shānxī; Jìn"
372,"Chinese Provinces","Liaoning",,"Liaoning","Liaoning","Liaoning","CN-21",,"LN; Liáoníng; Liáoníng Shěng; Liáo"
373,"Chinese Provinces","Jilin",,"Jilin","Jilin","Jilin","CN-22",,"JL; Jílín; Jílín Shěng; Kirin"
374,"Chinese Provinces","Heilongjiang",,"Heilongjiang","Heilongjiang","Heilongjiang","CN-23",,"HL; Hēilóngjiāng; Hēilóngjiāng Shěng; Hēi"
375,"Chinese Provinces","Jiangsu",,"Jiangsu","Jiangsu","Jiangsu","CN-32",,"JS; Sū; Jiāngsū; Jiāngsū Shěng; Kiangsu; Kaonsu San"
376,"Chinese Provinces","Zhejiang",,"Zhejiang","Zhejiang","Zhejiang","CN-33",,"ZJ: Zhè; Zhèjiāng Shěng; Chekiang; Tsehkaon San"
377,"Chinese Provinces","Anhui",,"Anhui","Anhui","Anhui","CN-34",,"AH; Wǎn; Ānhuī Shěng; Ānhuī"
378,"Chinese Provinces","Fujian",,"Fujian","Fujian","Fujian","CN-35",,"FJ; Mǐn; Bân; Fújiàn; Fújiàn Shěng; Foken; Fouken; Fukien; Hokkien; Hok-kiàn; Hók-gióng"
379,"Chinese Provinces","Jiangxi",,"Jiangxi","Jiangxi","Jiangxi","CN-36",,"JX; Jiāngxī; Jiāngxī Shěng; Kongsi; Gong Si Sen; Chiang-hsi"
380,"Chinese Provinces","Shandong",,"Shandong","Shandong","Shandong","CN-37",,"SD; Lǔ; Shāndōng Shěng; Shantung"
381,"Chinese Provinces","Henan",,"Henan","Henan","Henan","CN-41",,"HA; HEN; Yù; Hénán Shěn;  Zhongyuan; Zhongzhou"
382,"Chinese Provinces","Hubei",,"Hubei","Hubei","Hubei","CN-42",,"HB; È; Húběi Shěng"
383,"Chinese Provinces","Hunan",,"Hunan","Hunan","Hunan","CN-43",,"HN; Xiāng; Húnán Shěng; Húnán; Shuangfeng; Changsha"
384,"Chinese Provinces","Guangdong",,"Guangdong","Guangdong","Guangdong","CN-44",,"GD; Yuè; Jyut; Guǎngdōng Shěng; Canton; Kwangtung"
385,"Chinese Provinces","Hainan",,"Hainan","Hainan","Hainan","CN-46",,"HI; Qióng; khêng; king; Hǎinán Shěng"
386,"Chinese Provinces","Sichuan",,"Sichuan","Sichuan","Sichuan","CN-51",,"SC; Chuān; Shǔ; Cuan; Su; Si cuan Sen; Sìchuān Shěng; Szechuan"
387,"Chinese Provinces","Guizhou",,"Guizhou","Guizhou","Guizhou","CN-52",,"GZ; Qián; Guì; Guìzhōu Shěng"
388,"Chinese Provinces","Yunnan",,"Yunnan","Yunnan","Yunnan","CN-53",,"YN; Diān; Yún; Yúnnán Shěng"
389,"Chinese Provinces","Shaanxi",,"Shaanxi","Shaanxi","Shaanxi","CN-61",,"SN; Shǎn; Qín; Shǎnxī Shěng"
390,"Chinese Provinces","Gansu",,"Gansu","Gansu","Gansu","CN-62",,"GS; Gān; Lǒng; Gānsù Shěng; Kan su'u"
391,"Chinese Provinces","Qinghai",,"Qinghai","Qinghai","Qinghai","CN-63",,"QH; Qīng; Qīnghǎi Shěng; Kokonur"
392,"Chinese Provinces","Taiwan",,"Taiwan","Taiwan","Taïwan","CN-71",,"TW; Tái; Tâi-oân-séng; Thòi-vàn-sén; Táiwān shěng; Taiwan Province; Taiwan Region; Taiwan Area"
393,"UK Countries/Provinces","England",,"England","Inglaterra","L'Angleterre; Angleterre","GB-ENG",,
394,"UK Countries/Provinces","Northern Ireland",,"Nordirland","Irlanda del Norte","Irlande du Nord","GB-NIR",,
395,"UK Countries/Provinces","Wales",,"Wales","Gales","Pays de Galles","GB-WLS",,
396,"UK Countries/Provinces","Scotland",,"Schottland","Escocia","Écosse","GB-SCT",,
397,"England Region","North East England",,"Nordostengland","Nordeste de Inglaterra","Angleterre du Nord-Est",,,
398,"England Region","East Midlands",,"Östliche Midlands","Midlands del este","Midlands de l'Est",,,
399,"England Region","Yorkshire and the Humber",,"Yorkshire und Humbergegend","Yorkshire y Humber","Yorkshire-et-Humber ",,,
400,"England Region","South West England",,"Südwestengland","Sudoeste de Inglaterra","Angleterre du Sud-Ouest ",,,
401,"England Region","West Midlands",,"Westliche Midlands","Midlands del Oeste","Midlands de l'Ouest",,,
402,"England Region","East of England",,"Ostengland","Este de Inglaterra","Angleterre de l'Est",,,
403,"England Region","North West England",,"Nordwestengland","Noroeste de Inglaterra","Angleterre du Nord-Ouest",,,
404,"England Region","Greater London",,"Groß-London","Gran Londres","Grand Londres",,,
405,"England Region","South East England",,"Südostengland","Sudeste de Inglaterra","Angleterre du Sud-Est",,,
